Organization Name,Description,Parent Organization,Status,Contact Name,Contact Email,Industry,Technologies,Website URL,Phone Number,Country,State,City,Address 1,Address 2,Currency,Language,ZIP or Postal Code,TAX ID,VAT Number,Notes,Average Revenue,Cloud Vendor,Technology Vendor,System Vendor,Service Vendor
ABC Legal Services,Legal Services,,,,"{demouser04}",,,,,,,,,,,,,,,,,NO,YES,YES,YES
Accuzip,All in one postal software and data cleansing solution.,,Active,,"{demouser04}",,,https://www.accuzip.com/,805.461.7300,United States,Texas,League City,"2450 South Shore Blvd, Suite 125",,Dollars,English,77573-2996,,,,,NO,NO,YES,NO
Adobe,Adobe Creative Cloud Suite,,Active,,"{demouser04}",,,,,United States,California,San Jose,45 Park Avenue,,Dollars,English,95110-2704,,,,,YES,NO,YES,YES
AEGI Forensics,"Applications Engineering Group, Inc., is a forensic science/engineering firm, which provides unbiased scientific investigations.",,Active,,"{demouser04}",,,https://www.aegiforensics.com/,800-777-7668,United States,Florida,Atlantic Beach,1200 Mayport Road,,Dollars,English,32233,,,,,YES,NO,YES,NO
Alpine Bank,"Alpine Bank provides money-saving products, including competitive CD rates, checking accounts, and savings accounts.",,Active,,"{demouser04}",,,https://www.alpinebank.com/,800-551-6098,United States,Colorado,Glenwood Springs,2200 Grand Avenue,,Dollars,English,81601,,,,,NO,NO,YES,NO
Amazon,Cloud Service Provider,,Active,,"{demouser04}",,AWS,www.amazon.com,(206) 266-1000,United States,Washington,Seattle,"410 Terry Ave N, ",,Dollars,English,98109,,,,,YES,YES,NO,YES
American Agricultural Insurance Company (AAIC),Insurance Company,,Active,,"{demouser04}",,,https://www.aaic.com/,,United States,Illinois,Schaumburg,1501 Woodfield Rd #300w,,Dollars,English,60173,,,,,YES,NO,YES,NO
American Leak Detection,Leak detection specialists,,Active,,"{demouser04}",,,https://www.americanleakdetection.com/,(866) 701-5306,United States,,,,,Dollars,English,,,,,,YES,NO,YES,NO
"Arbitration Forums, Inc.","Arbitration Forums, Inc. is a membership-driven, not-for-profit organization that exists to effectively and efficiently serve its over 5,000 members' recovery and resolution needs. AF is the nation's largest arbitration and subrogation services provider.",,Active,,"{demouser04}",,,https://home.arbfile.org/,1-866-977-3434,United States,Florida,Tampa,"Arbitration Forums, Inc. 3820 Northdale Boulevard, Suite 200A",,Dollars,English,33624,,,,,YES,NO,YES,NO
Arisant ,Vendor manages Databases,,,,"{demouser04}",,,,,,,,,,,,,,,,,NO,NO,YES,YES
ASG Technologies,Digital Content Management,,,,"{demouser04}",Information,,www.asg.com,,United States,,,,,,,,,,,,NO,NO,YES,NO
Bank of America,The Bank of America Corporation is an American multinational investment bank and financial services company.,,Active,,"{demouser01}",,,https://www.bankofamerica.com/,1 (800) 432-1000,United States,North Carolina,Charlotte,100 N Tryon St,,Dollars,English,28202,,,,,NO,NO,YES,NO
Bank of Colorado,"Bank of Colorado serving Colorado with checking and business banking, mortgages, commercial banking, auto loans, credit cards, investing & retirement.",,Active,,"{demouser01}",,,https://www.bankofcolorado.com/,,United States,Colorado,Fort Collins,1609 East Harmony Road,,Dollars,English,80525,,,,,NO,NO,YES,NO
Carfax,A commercial web-based service that supplies vehicle history reports to individuals and businesses on used cars and light trucks for the American and Canadian consumers.,,Active,,"{demouser01}",,,https://www.carfax.com/,(703) 934-2664,United States,Virginia,Centreville,5860 Trinity Parkway Suite 600,,Dollars,English,20120,,,,,NO,NO,YES,NO
Cisco,"Cisco Systems, Inc. is an American multinational technology conglomerate headquartered in San Jose, California, in the center of Silicon Valley. Cisco develops, manufactures and sells networking hardware, telecommunications equipment and other high-technology services and products.",,Active,,"{demouser01}",,,,,United States,California,San Jose,170 West Tasman Dr.,,Dollars,English,95134,,,,,NO,NO,YES,NO
Citrix Systems Inc.,"Citrix Systems, Inc. is an American multinational software company that provides server, application and desktop virtualization, networking, software as a service (SaaS), and cloud computing technologies.",,Active,,"{demouser01}",,,,,United States,California,Santa Clara,,,Dollars,English,,,,,,NO,NO,YES,NO
Cyber Innovative Technologies,Cyber Risk Management Software,,Active,,"{demouser01}",Information,,New York,9292170318,United States,New York,,555 Madison Ave,5TH FLOOR,Dollars,English,10022,,,,,YES,NO,YES,NO
Cyber Intelligence 4U,Cyber Education,,,,"{demouser01}",,,,,,,,,,,,,,,,,NO,NO,NO,YES
Department of Homeland Security ( DHS ),E-Verify is a web-based system that allows enrolled employers to confirm the eligibility of their employees to work in the United States.,,Active,,"{demouser01}",,,https://www.e-verify.gov,,United States,,,,,Dollars,English,,,,,,YES,NO,YES,NO
Department of the Treasury,The Department of the Treasury is the national treasury and finance department of the federal government of the United States where it serves as an executive department.,,Active,,"{demouser01}",,,,,United States,District of Columbia,Washington,1500 Pennsylvania Ave NW,,Dollars,English,20220,,,,,NO,NO,YES,NO
Elixir (formerly Envision Rx),Elixir is a pharmacy benefits and services company. ,,Active,,"{demouser01}",,,www.envisionrx.com/,,United States,Ohio,Twinsburg,2181 E Aurora Rd #201,,Dollars,English,44087,,,,,YES,YES,NO,NO
Farm Bureau Bank,"Farm Bureau Bank FSB is a service-to-member institution which provides banking services including checking accounts, savings accounts, mortgages, credit cards, business loans and much more to Farm Bureau members and others in participating states.",,Active,,"{demouser01}",,,,,United States,Nevada,Sparks,"2165 Green Vista Drive, Suite 204",,Dollars,English,89431,,,,,YES,NO,YES,NO
Geohazards,Geohazards is a consulting firm specializing in engineering and geology with a commitment to personalized service.,,,,"{demouser01}",,,,,,,,,,,,,,,,,NO,NO,YES,NO
Health Equity,"HealthEquity, Inc. is an American financial technology and business services company that is designated as a non-bank health savings trustee by the IRS.",,,,"{demouser01}",,,,,,,,,,,,,,,,,YES,NO,YES,NO
Heartland Financial,"Heartland Financial USA, Inc. (Heartland), incorporated on June 18, 1993, is a diversified financial services company engaged in providing banking, mortgage etc.",,Active,,"{demouser01}",,,,563.589.2100,United States,Iowa,Dubuque,"Heartland Financial USA, Inc. 1398 Central Avenue P.O. Box 778",,Dollars,English,52001,,,,,NO,NO,YES,NO
HM Health Solutions (HMHS),HM Health Solutions (HMHS) delivers business solutions to health plan payers so they can run their organizations more efficiently.,,Active,,"{demouser01}",,,,,United States,Pennsylvania,Pittsburgh,120 Fifth Ave,,Dollars,English,15222,,,,,YES,NO,YES,NO
IBM,,,,,"{demouser01}",,,,,,,,,,,,,,,,,NO,NO,YES,NO
Information Providers,"Information Providers, Inc. is a leading provider of Property & Casualty and Premium Audit information services, serving insurance companies throughout our multi-regional coverage area.",,,,"{demouser01}",,,33 10th Ave S #301,,United States,Minnesota,Hopkins,,,,,55343,,,,,YES,NO,YES,NO
Insurance Notification Clearinghouse Services,Insurance Notification Clearinghouse Services is an automated clearinghouse that uses electronic data interchange (EDI) to streamline the exchange of information.,,Active,,"{demouser01}",,,,1-608-421-6286,United States,,,,,Dollars,English,,,,,,NO,NO,YES,NO
Insurance Services Office (ISO),"Insurance Services Office, Inc., a subsidiary of Verisk Analytics, is a provider of statistical, actuarial, underwriting, and claims information and analytics; compliance and fraud identification tools; policy language; information about specific locations; and technical services.",,Active,,"{demouser01}",,,,,United States,New Jersey,Jersey City,,,Dollars,English,,,,,,NO,NO,YES,NO
Johnson Controls,"Johnson Controls provides a portfolio of building products, technologies, software, and services that transforms the environment of safer, sustainable, and more efficient buildings.",,,,"{demouser01}",,,,,,,,,,,,,,,,,NO,NO,YES,NO
JS Investigations,"JS Investigations is a highly experienced and competitively priced investigation company based in Brisbane. With more than 15 years' experience conducting an extensive range of covert investigations, JS Investigations has a strong track record helping clients obtain the evidence and results they need.",,,,"{demouser01}",,,,,,,,,,,,,,,,,NO,NO,YES,NO
KPMG,"KPMG US, headquartered in New York City, is an accounting and professional services firm specializing in providing audit, tax, and advisory solutions.",,,,"{demouser01}",,,,,,,,,,,,,,,,,NO,NO,NO,YES
Lexis Nexis,LexisNexis is a corporation providing computer-assisted legal research as well as business research and risk management services.,,,,"{demouser03}",Information,,https://www.lexisnexis.com/en-us/gateway.page,,United States,New York,New York,,,,,,,,,,NO,NO,NO,YES
Lyons Commercial Data,Lyons Commercial Data is a leading provider of U.S. financial institution data.,,Active,,"{demouser03}",,,,,United States,Florida,Jacksonville,12276 San Jose Blvd #624,,Dollars,English,32223,,,,,NO,NO,YES,NO
Mad Genius,Hosting Reseller,,,,"{demouser03}",,,,,,,,,,,,,,,,,YES,YES,NO,NO
Madrid Engineering Group,"The Academy of Geo-Professionals, founded in 2008, is an elite group comprised of over 300 Diplomates who have gone through many years of training.",,Active,,"{demouser03}",,,madridengineering.com,(863) 533-9007,United States,Florida,Bartow,2030 FL-60,,Dollars,English,33830,,,,,NO,NO,NO,YES
Merrill,"Merrill, previously branded Merrill Lynch, is an American investment management and wealth management division of Bank of America. Along with BofA Securities, the investment banking arm, both firms engage in prime brokerage and broker-dealer activities.",,,,"{demouser03}",,,,,,,,,,,,,,,,,NO,NO,YES,NO
Microsoft,"Microsoft Corporation is an American multinational technology company with headquarters in Redmond, Washington. It develops, manufactures, licenses, supports and sells computer software, consumer electronics, personal computers, and related services.",,Active,,"{demouser03}",,,,,United States,Washington,Redmond,One Redmond Way,,Dollars,English,98052,,,,,YES,NO,YES,NO
Morgan Stanley,Morgan Stanley is an American corporation traded on the New York Stock Exchange and engaged in investment banking and financial services.,,Active,,"{demouser03}",,,,,United States,New York,New York,1585 Broadway,,Dollars,English,10036,,,,,NO,NO,YES,NO
National Alliance for Insurance Education & Research,The National Alliance for Insurance Education & Research provides continuing education and designation classes for insurance and risk management professionals.,,Active,,,,,https://www.scic.com/,(800) 633-2165,United States,Texas,Austin,,,Dollars,English,,,,,,NO,NO,YES,NO
National Association Of Insurance Commissioners (NAIC),The National Association of Insurance Commissioners (NAIC) is a nonprofit organization that helps develop model laws for state insurance regulators.,,,,,,,,,,,,,,,,,,,,,NO,NO,YES,NO
National Commerical Services (NCS),National Commercial Services is an experienced Subrogation and Commercial Collection Agency.,,,,,,,,,,,,,,,,,,,,,YES,NO,YES,NO
National Insurance Crime Bureau (NICB),"The NICB is the nation’s leading non-profit organization exclusively dedicated to preventing, detecting and defeating insurance fraud and vehicle theft through information analysis, investigations, training and public awareness. ",,Active,,,,,,800.447.6282,United States,Illinois,Des Plaines,"1111 E. Touhy Ave., Ste. 400",,Dollars,English,60018,,,,,NO,NO,YES,NO
National Subrogation Service,"National Subrogation Services (NSS) founded in 2000 and headquartered in Woodbury, New York, is a subrogation and recovery firm.",,,,,Finance and Insurance,,,,,,,,,,,,,,,,NO,NO,YES,NO
Northern Trust,"Founded in 1889, Northern Trust is headquartered in Chicago, Illinois. They provide financial services including asset servicing, investment management, wealth management, and more.",,,,,,,,,,,,,,,,,,,,,YES,NO,YES,NO
Open Source,"Open-source software is computer software that is released under a license in which the copyright holder grants users the rights to use, study, change, and distribute the software and its source code to anyone and for any purpose. Open-source software may be developed in a collaborative public manner.",,,,,Information,,,,,,,,,,,,,,,,NO,YES,YES,NO
Open Text,OpenText Corporation is a Canadian company that develops and sells enterprise information management software.,,,,,,,,,Canada,Alberta,,,,,,,,,,,NO,NO,YES,NO
Oracle Corporation,"Oracle Corporation is an American multinational computer technology corporation headquartered in Redwood Shores, California. The company sells database software and technology, cloud engineered systems, and enterprise software products—particularly its own brands of database management systems.",,Active,,,,OracleMySQL,,,United States,California,Redwood City,,,Dollars,English,,,,,,NO,YES,NO,NO
PayPal,"PayPal, founded in 1998, operates as a technology platform company that enables digital and mobile payments on behalf of consumers and merchants worldwide.",,Active,,,,,,888-883-9770,United States,,,,,Dollars,English,,,,,,NO,NO,YES,NO
PostgreSQL Global Development Group Regents of the University of California,Open Source Database Publisher,,,,,,,,,,,,,,Dollars,English,,,,,,NO,YES,NO,NO
QQ Solutions,QQSolutions is the leading provider of cloud-based agency management systems for independent insurance agencies nationwide.,,Active,,,,,,,United States,Florida,Deerfield Beach,350 Fairway Dr #101,,Dollars,English,33441,,,,,YES,NO,YES,NO
Raymond James,"A diversified financial services firm, focused on providing trusted advice and tailored, sophisticated solutions for individuals and institutions.",,,,,,,,,,,,,,,,,,,,,YES,NO,YES,NO
Real VNC,RealVNC is the global provider of VNC remote access technology.,,Active,,,,,,,United Kingdom,Cambridgeshire,,Betjeman House 104 Hills Road  Cambridge,,Dollars,English,CB2 1LQ,,,,,NO,NO,YES,NO
Red Hat,"Red Hat, Inc. is an American multinational software company that provides open source software products to enterprises. Founded in 1993, Red Hat has its corporate headquarters in Raleigh, North Carolina, with other offices worldwide. It became a subsidiary of IBM on July 9, 2019.",,,,,Information,,,,,,,,,,,,,,,,NO,YES,YES,NO
Sage,"The Sage Group plc, commonly known as Sage, is a British multinational enterprise software company based in Newcastle upon Tyne, England. The world's third-largest supplier of enterprise resource planning software (behind Oracle and SAP).",,,,,,,,,,,,,,,,,,,,,NO,NO,YES,NO
Salesforce.com,CRM Cloud Service Provider,,Active,,,Information,,,,,,,,,Dollars,English,,,,,,YES,YES,YES,YES
SAP SE,"SAP established the global standard for enterprise resource planning (ERP) software. Now, SAP S/4HANA takes ERP to the next level by using the power of in-memory computing to process vast amounts of data, and to support advanced technologies such as artificial intelligence (AI) and machine learning. The company’s integrated applications connect all parts of a business into an intelligent suite on a fully digital platform, thereby replacing the process-driven, legacy platform.",,,,,,,,,,,,,,,,,,,,,YES,NO,YES,NO
Talent Nest,Online Recruiting,,Active,,,,,,,Canada,,,"3300 Bloor Street West Suite 650 Toronto, ON",,,English,M8X 2X2,,,,,YES,NO,YES,NO
Temenos (formerly Avoka),"
Temenos, headquartered in Geneva, Switzerland, is a financial software company that uses advanced cloud-native, AI, and API-first technology for the richest front-to-back banking services.",,,,,,,,,,,,,,,,,,,,,NO,YES,NO,NO
"Torrent Technologies, Inc.","Torrent Technologies, Inc., a Marsh company and a servicing agent for Write Your Own (WYO) carriers and the National Flood Insurance Program (NFIP), provides insurers and their agents with sophisticated cloud-based technology solutions and back-office services.",,,,,,,,,,,,,,,,,,,,,YES,NO,YES,NO
Ultimate Software Group,"Ultimate provides HCM solutions designed to improve the employee experience by putting people first—HR, payroll, talent, time and scheduling, engagement surveys, HR service delivery, and more.",,Active,,,,,,,United States,Florida,Weston,Ultimate Software 2000 Ultimate Way,,Dollars,English,33326,,,,,YES,NO,YES,NO
Universal Engineering Sciences,"Universal Engineering Sciences, a family-owned team providing geotechnical, environmental, construction material testing & building code compliance services.",,Active,,,,,https://universalengineering.com,(888) 824-7424,United States,Florida,Tampa,9802 Palm River Road,,Dollars,English,33619,,,,,YES,NO,YES,NO
University of Colorado Health (UCHealth),"UCHealth is a not-for-profit health care system, headquartered in Aurora, Colorado. The system includes hospitals and facilities throughout Colorado, along with affiliated hospitals in Wyoming and Nebraska.",,Active,,,,,,,United States,Colorado,,,,Dollars,English,,,,,,YES,NO,YES,NO
US Bank Pivot,Online client portal of U.S. Bank,,Active,,,,,,,United States,,,,,Dollars,English,,,,,,NO,NO,YES,NO
USPS,"The United States Postal Service is an independent agency of the executive branch of the United States federal government responsible for providing postal service in the United States, including its insular areas and associated states.",,,,,,,,,,,,,,,,,,,,,NO,NO,YES,NO
Verizon,,,,,,,,,,,,,,,,,,,,,,NO,NO,YES,NO
WEX,"Established in 1983, WEX Inc. is a provider of payment processing and information management services to the United States commercial and government vehicle fleet industry.",,Active,,,,,,1-207-773-8171,United States,Maine,Portland,1 Hancock Street,,Dollars,English,4101,,,,,NO,NO,YES,NO
WPC,"Policy administration system, developed in house. ",,,,,,,,,,,,,,,,,,,,,NO,NO,YES,NO
Xactware,Xactware Solutions provides computer software solutions for professionals involved in estimating all phases of building and repair.,,Active,,,,,,,United States,Utah,,Otem,,Dollars,English,,,,,,YES,NO,YES,YES
Zywave (formerly ITC),"Zywave leads the insurance tech industry, fueling business growth for the partners with the most expansive portfolio of cloud-based sales management, client delivery, content and analytics solutions. ",,,,,,,,,,,,,,,,,,,,,YES,NO,YES,NO
